المقرر,المتطلب 
اتصل-101,-
اتصل-102,اتصل101
اتصل-111,اتصل101
اتصل-121,حاسب101
اتصل-131,اتصل101
اتصل-203, اتصل111 اتصل102 
اتصل-212,اتصل111
اتصل-213,اتصل212
اتصل-241,اتصل111
اتصل-242,اتصل212
اتصل-251,اتصل111
اتصل-261,اتصل212
اتصل-262,اتصل212
اتصل-288,جميع مقررات الخطة
اتصل-299,جميع مقررات الخطة
اتصل-323,-
اتصل-333,-
اتصل-334,رياض301
اتصل-375,رياض381
اتصل-404,رياض381
اتصل-412,رياض301
اتصل-424,اتصل323
اتصل-435,رياض381
اتصل-442,اتصل468
اتصل-443,اتصل468
اتصل-460,اتصل333
اتصل-465,احصا303
اتصل-466,اتصل323 اتصل465
اتصل-467,-
اتصل-468,رياض381
اتصل-469,اتصل334
اتصل-473,اتصل375
اتصل-474,اتصل375
اتصل-490,-
اجدق-111,-
اجدق-112,اجدق111
اجدق-113,اجدق111
اجدق-121,-
اجدق-122,حاسب101
اجدق-131, رياض121 اجدق111 
اجدق-203,الكت103
اجدق-204,اجدق203
اجدق-223, اجدق121 اجدق122 
اجدق-224, حاسب101 اجدق113 
اجدق-232, اجدق131 اجدق112 
اجدق-233,اجطب255
اجدق-241,اجدق112
اجدق-242, الكت223 اجدق241 الكت242 
اجدق-288,جميع مقررات الخطة
اجدق-291,-
اجدق-299,جميع مقررات الخطة
اجطب-121,الكت223
اجطب-171,-
اجطب-211,-
اجطب-231,اجطب251
اجطب-243,الكت242
اجطب-251,الكت103
اجطب-252,اجطب251
اجطب-253,اجطب261
اجطب-255,اجدق112
اجطب-261,الكت103
اجطب-262,اجطب261
اجطب-263,-
اجطب-288,جميع مقررات الخطة
اجطب-299,جميع مقررات الخطة
اجطب-332,-
اجطب-342,-
اجطب-352,فيزي301
اجطب-361,فيزي301
اجطب-422,اجطب453 اجطب361
اجطب-423,-
اجطب-424,رياض302
اجطب-425,فيزي301
اجطب-428,-
اجطب-429,-
اجطب-453,اجطب352
اجطب-454,نكيم331
اجطب-460,رياض301
اجطب-466,-
اجطب-472,اجطب453 اجطب425
اجطب-473,-
اجطب-488,-
اجطب-491,اجطب424 اجطب453
اجطب-499,جميع مقررات الخطة
احصا-101,-
احصا-111,-
احصا-303,-
احصا-481,-
احيا-101,-
احيا-111,-
احيا-221,احيا111
ادار-101,-
ادار-111,ادار101
ادار-121,ادار101
ادار-151,-
ادار-152,-
ادار-222, ادار101 
ادار-231,ادار101
ادار-241,ادار101
ادار-253,حاسب102
ادار-271,ادار101
ادار-285,ادار101
ادار-288,جميع مقررات الخطة
ادار-299,جميع مقررات الخطة
ادار-305,-
ادار-337,ادار305
ادار-363,-
ادار-365,-
ادار-373,-
ادار-392,-
ادار-435,-
ادار-436,-
ادار-438,ادار305
ادار-439,-
ادار-444,-
ادار-445,ادار305
ادار-452,-
ادار-462,ادار365
ادار-464,-
ادار-473,ادار305
ادار-492,احصا481
اسلك-001,-
اسلك-177,-
اسلك-201,-
اسلم-001,-
اسلم-002,-
اسلم-003,اسلم002
اسلم-101,-
اسلم-171,-
اسلم-172,اسلم171
اسلم-301,-
اقصد-101,-
اقصد-301,-
اقصد-304,-
اقصد-403,اقصد304
الكت-010,-
الكت-011,حاكر013
الكت-012,حاكر013
الكت-013,حاجك012
الكت-014,-
الكت-016,-
الكت-017,-
الكت-018,-
الكت-019,-
الكت-021,حاكر013
الكت-022,الكت021
الكت-023,-
الكت-024,الكت022
الكت-025,الكت022
الكت-031,مهني003
الكت-032,حاجك012
الكت-041,-
الكت-042,حاجك012
الكت-051,حاجك013
الكت-052,الكت051
الكت-053,الكت051
الكت-061,الكت042
الكت-065,-
الكت-066,-
الكت-091,الكت021
الكت-098,-
الكت-101,-
الكت-102,-
الكت-103,الكت102
الكت-121,اجدق111
الكت-131,رياض121
الكت-141,-
الكت-142, حاسب101 الكت121 
الكت-204, الكت121 اجدق112 
الكت-223,اجدق111
الكت-232,الكت141
الكت-233, الكت131 الكت242 
الكت-234, الكت141 الكت232   اجدق121   الكت141 اجدق122   الكت232 
الكت-242,الكت121 اجدق113
الكت-252,الكت121
الكت-261,الكت204
الكت-271,الكت242
الكت-288,جميع مقررات الخطة
الكت-291, الكت242 الكت232 
الكت-299,جميع مقررات الخطة
الكت-321,رياض301
الكت-322,فيزي301
الكت-328,-
الكت-329,الكت328
الكت-331,-
الكت-333,-
الكت-342,الكت333
الكت-411,الكت342
الكت-412,الكت435
الكت-427,الكت333
الكت-428,الكت322
الكت-432,الكت331
الكت-434,الكت452
الكت-435,الكت328
الكت-436,الكت474
الكت-437,الكت432
الكت-442,الكت329
الكت-452,الكت342
الكت-463,الكت428
الكت-464,الكت322
الكت-473,الكت328
الكت-474,الكت331
الكت-491, الكت452 الكت329 
المو-011,مهني003
المو-021,-
المو-022,-
المو-023,-
المو-031,-
المو-032,المو031
المو-033,-
المو-034,المو033
المو-035,-
المو-036,المو035
المو-037,-
المو-038,-
المو-039,-
المو-041,-
المو-065,-
المو-066,-
المو-075,-
المو-085,-
المو-091,-
المو-095,-
المو-098,-
انجل-001,-
انجل-002,انجل001
انجل-003,انجل002
انجل-101,-
انجل-102,انجل101 انجل111
انجل-103,انجل102 انجل100 انجل112
انجل-111,-
انجل-112,انجل111 انجل101
انجل-113,انجل112 انجل100 انجل102 انجل110
انجل-171,-
انجل-172,انجل171
انجل-204,انجل113 انجل103
انجل-301,-
انجل-302,انجل301 نجل301
بدني-001,-
بدني-002,بدني001
برمج-101,-
برمج-111,-
برمج-121,-
برمج-131,-
برمج-212,برمج111
برمج-222,برمج121
برمج-232,برمج131
برمج-234,برمج232
برمج-241,برمج101
برمج-251,برمج212
برمج-288,جميع مقررات الخطة
برمج-295, برمج232 برمج222 برمج241 
برمج-299,جميع مقررات الخطة
برمج-313,-
برمج-324,-
برمج-325,-
برمج-335,-
برمج-382,-
برمج-421,ادار452
برمج-443,برمج313
برمج-453,برمج313
برمج-454,برمج453
برمج-461,برمج443
برمج-472,برمج313
برمج-473,-
برمج-474,برمج324
برمج-475,برمج324
برمج-476,برمج324
برمج-477,برمج324
برمج-478,محسب301
برمج-483,برمج443
برمج-484,-
برمج-492,برمج453 برمج472
بشري-101,-
بشري-111,بشري101
بشري-112,بشري101
بشري-221,بشري112
بشري-222,بشري112
بشري-223,بشري111
بشري-230,بشري101
بشري-232,-
بشري-241,-
بشري-251,حاسب102
بشري-252,بشري101
بشري-288,جميع مقررات الخطة
بشري-299,جميع مقررات الخطة
تجار-101,-
تجار-111,-
تجار-201,-
تجار-202,ادار101
تجار-203,-
تجار-211,-
تجار-212,ادار101
تجار-213,تجار201
تجار-214,-
تجار-215,-
تجار-288,جميع مقررات الخطة
تجار-299,جميع مقررات الخطة
تجلد-012,-
تجلد-013,-
تجلد-014,-
تجلد-015,-
تجلد-016,-
تجلد-085,-
تجلد-098,-
تجمل-101,-
تجمل-111,-
تجمل-121,-
تجمل-271,-
تزين-111, تجمل111 تجمل121 
تزين-121,تجمل111
تزين-224,تزين231
تزين-231,تزين121
تزين-241,تزين121
تزين-244,تزين241
تزين-251,تزين241
تزين-288,جميع مقررات الخطة
تزين-299,جميع مقررات الخطة
تسرح-003,-
تسرح-004,-
تسرح-111,تجمل121
تسرح-211,تسرح111
تسرح-213,تسرح211
تسرح-221, تسرح111 تجمل121 
تسرح-223,تسرح221
تسرح-231,تسرح111
تسرح-241,تسرح111
تسرح-288,جميع مقررات الخطة
تسرح-299,جميع مقررات الخطة
تسوق-111,-
تسوق-121,تسوق111
تسوق-122,تسوق111
تسوق-131,تسوق111
تسوق-232,تسوق131
تسوق-241,تسوق111
تسوق-242,تسوق111
تسوق-251, تسوق111 حاسب102 
تسوق-261,تسوق111
تسوق-271,تسوق111
تسوق-285,تسوق111
تسوق-288,جميع مقررات الخطة
تسوق-299,جميع مقررات الخطة
تصمم-056,-
تصمم-057,تميد012
تصمم-062,-
تصمم-065,تميد012
تصمم-067,-
تصمم-068,-
تصمم-085,-
تصور-012,تميد011
تصور-021,تميد011
تصور-022,تصور021
تصور-031,-
تصور-032,تصور031
تصور-033,تصور021
تصور-034,تصور021
تصور-036,-
تصور-041,-
تصور-042,تصور041
تصور-043,-
تصور-047,-
تصور-048,-
تصور-049,-
تصور-051,تميد013
تصور-052,تصور071
تصور-056,-
تصور-070,-
تصور-071,تصور070
تصور-072,-
تصور-085,-
تصور-091,-
تصور-098,-
تطبع-011,-
تطبع-022,-
تطبع-031,تميد013
تطبع-032,-
تطبع-041,-
تطبع-052,-
تطبع-085,-
تطبع-091,-
تميد-011,-
تميد-012,-
تميد-013,-
تميد-020,-
ثقيل-011,مهني003
ثقيل-021,ميكا031
ثقيل-031,ميكا032
ثقيل-032,ثقيل031
ثقيل-041,ميكا012
ثقيل-042, ميكا033 ميكا034 ميكا035 
ثقيل-043,ميكا012
ثقيل-051,-
ثقيل-052,-
ثقيل-091,-
ثقيل-093,-
ثقيل-094,-
ثقيل-095,-
ثقيل-098,-
جوال-014,-
جوال-018,-
جوال-021,-
جوال-024,-
جوال-025,-
جوال-026,-
جوال-027,-
جوال-031,-
جوال-032,-
جوال-033,-
جوال-034,-
جوال-055,-
جوال-056,-
جوال-091,-
جوال-098,-
حاجك-012,-
حاجك-013,حاكر013
حاسب-001,-
حاسب-002,حاسب001
حاسب-011,حاسب002
حاسب-012,-
حاسب-013,حاسب002
حاسب-021,-
حاسب-022,حاسب021
حاسب-023,-
حاسب-024,حاسب021
حاسب-025,حاسب022
حاسب-031,-
حاسب-032,حاسب031
حاسب-041,-
حاسب-042,مهني003
حاسب-043,-
حاسب-044,حاسب041
حاسب-045,-
حاسب-051,-
حاسب-052,حاسب041
حاسب-053,حاسب052
حاسب-081,-
حاسب-083,-
حاسب-084,-
حاسب-091,-
حاسب-098,-
حاسب-101,-
حاسب-102,حاسب101
حاسب-121,-
حاسب-280,-
حاسب-302,-
حاسب-402,-
حاكر-011,-
حاكر-012,-
حاكر-013,-
حاكر-014,-
حاكر-015,-
حاكر-016,-
حامي-101,-
حامي-102,-
حامي-105,-
حامي-111,-
حامي-131,كيمي111
حامي-171,كيمي111
حامي-203,-
حامي-204,-
حامي-221,احيا101
حامي-232,كيمي111
حامي-233, حامي131 حامي232 
حامي-251,حامي102
حامي-252,حامي102
حامي-253,احيا101
حامي-254,حامي102
حامي-261,حامي111
حامي-281,احصا111 احصا101
حامي-288,جميع مقررات الخطة
حامي-291,حامي232
حامي-299,جميع مقررات الخطة
حائك-001,-
حائك-003,-
حائك-005,-
حائك-007,-
حجاج-123,-
حجاج-124,-
حجاج-125,-
حجاج-201,-
حجاج-288,جميع مقررات الخطة
حجاج-299,جميع مقررات الخطة
حلاق-001,-
حلاق-002, حلاق001 حلاق021 
حلاق-011,حلاق021
حلاق-013,-
حلاق-021,-
حلاق-041,-
حلاق-042, حلاق001 حلاق021 
حلاق-043,-
حلاق-051, حلاق001 حلاق021 
حلاق-052, حلاق001 حلاق021 
حلاق-061, حلاق001 حلاق021 
حلاق-071,حلاق013
حلاق-072,-
حلاق-073,-
حلاق-076,-
حلاق-081,-
حلاق-082,حلاق081
حلاق-085,-
حلاق-091,-
حلاق-098,-
ختطك-111,-
ختطك-112,ختطك111
ختطك-121,-
ختطك-131,-
ختطك-141,ختطك111
ختطك-151,-
ختطك-232,ختطك131
ختطك-242,ختطك141
ختطك-243,-
ختطك-244,رياض171
ختطك-252,ختطك151
ختطك-261,-
ختطك-271,-
ختطك-288,جميع مقررات الخطة
ختطك-290, ختطك243 ختطك121 ختطك131 ختطك242 
ختطك-296,-
ختطك-299,جميع مقررات الخطة
خياط-001,-
خياط-002,-
خياط-003,-
خياط-004,-
خياط-006,-
خياط-007,-
خياط-011,-
خياط-012,-
خياط-013,-
خياط-014,-
خياط-041,-
خياط-042,خياط041
خياط-046,-
خياط-061,-
خياط-062,-
خياط-073,-
خياط-081,-
خياط-085,-
خياط-086,-
خياط-087,-
خياط-091,-
خياط-098,-
داجن-101,-
داجن-111,-
داجن-131,-
داجن-141,-
داجن-151,داجن111
داجن-221,-
داجن-222,-
داجن-242,-
داجن-243,داجن221
داجن-252,داجن111
داجن-253,داجن151
داجن-261,-
داجن-262,-
داجن-271,-
داجن-281,داجن141
داجن-282,-
داجن-288,جميع مقررات الخطة
داجن-291,-
داجن-299,جميع مقررات الخطة
داخل-101,-
داخل-102,داخل101
داخل-111,-
داخل-121,-
داخل-122,داخل121
داخل-123,-
داخل-131,-
داخل-132,-
داخل-203,داخل102
داخل-204,داخل203
داخل-205,-
داخل-206,-
داخل-212,داخل111
داخل-213,داخل212
داخل-225,داخل122
داخل-233,-
داخل-235,داخل111
داخل-241,-
داخل-288,جميع مقررات الخطة
داخل-299,جميع مقررات الخطة
داعم-111,-
داعم-151,حاسب121
داعم-221,-
داعم-252,حاسب121
داعم-288,جميع مقررات الخطة
داعم-295,شبكا121 داعم226
داعم-299,جميع مقررات الخطة
دهان-001,-
دهان-011,-
دهان-012,-
دهان-021,-
دهان-023,-
دهان-024,دهان021
دهان-031,-
دهان-032,-
دهان-033,دهان011
دهان-034,-
دهان-035,-
دهان-036,-
دهان-041,-
دهان-042,-
دهان-043,-
دهان-044,-
دهان-045,-
دهان-051,-
دهان-052,-
دهان-091,-
دهان-092,-
دهان-098,-
ربوت-113, الكت102 حاسب101 
ربوت-114,-
ربوت-121,-
ربوت-122,اجدق122
ربوت-124,ربوت114
ربوت-203,ربوت121
ربوت-204,ربوت114
ربوت-205,-
ربوت-206,اجدق121
ربوت-212,ربوت204
ربوت-288,جميع مقررات الخطة
ربوت-291,ربوت121
ربوت-299,جميع مقررات الخطة
رسمع-011,-
رسمع-021,-
رسمع-022,رسمع021
رسمع-031,-
رسمع-032,رسمع031
رسمع-041,-
رسمع-042,رسمع041
رسمع-043,-
رسمع-051,-
رسمع-052,رسمع051
رسمع-053,-
رسمع-061,-
رسمع-063,رسمع061
رسمع-064,-
رسمع-071,رسمع011
رسمع-091,-
رسمع-098,-
رياد-101,-
رياد-171,-
رياد-212,رياد101 مهني101
رياد-222,رياد101 مهني101
رياد-224,رياد101 مهني101
رياد-226,رياد101 مهني101
رياد-228,رياد101 مهني101
رياد-232,رياد101 مهني101
رياد-234,رياد101 مهني101
رياد-236,رياد101 مهني101
رياد-242,رياد101 مهني101
رياد-243,رياد101 مهني101
رياد-244,رياد101 مهني101
رياد-246,رياد101 مهني101
رياد-248,رياد101 مهني101
رياد-252,رياد101 مهني101
رياد-254,رياد101 مهني101
رياد-262,رياد101 مهني101
رياد-264,رياد101 مهني101
رياد-266,رياد101 مهني101 كابز101
رياد-272,رياد101 مهني101
رياد-282,رياد101 مهني101
رياد-284,رياد101 مهني101
رياض-001,-
رياض-002,رياض001
رياض-003,رياض002
رياض-101,-
رياض-121,-
رياض-171,-
رياض-301,-
رياض-302,رياض301
رياض-303,رياض301
رياض-304,-
رياض-381,رياض301
سافر-101,-
سافر-102,-
سافر-110,-
سافر-121,-
سافر-131,-
سافر-141,-
سافر-203,-
سافر-211,-
سافر-243,-
سافر-251,-
سافر-252,سافر121
سافر-260,-
سافر-261,-
سافر-271,-
سافر-288,جميع مقررات الخطة
سافر-299,جميع مقررات الخطة
سلام-111,-
سلام-121, كيمي111 احيا111 
سلام-141,سلام111
سلام-142,-
سلام-171,-
سلام-211,سلام142
سلام-222,سلام121
سلام-223,-
سلام-231,سلام121
سلام-251,-
سلام-252,-
سلام-253,سلام252
سلام-272,سلام171
سلام-273,سلام141 سلام171
سلام-274,سلام272
سلام-288,جميع مقررات الخطة
سلام-291,-
سلام-299,جميع مقررات الخطة
سلغذ-201,احيا111
سلغذ-202,سلغذ241
سلغذ-203,احيا221
سلغذ-211,-
سلغذ-241,احيا111
سلغذ-242,كيمي112
سلغذ-243,سلغذ241
سلغذ-244, كيمي112 سلغذ211 
سلغذ-251,-
سلغذ-271,سلغذ211
سلغذ-288,جميع مقررات الخطة
سلغذ-291,سلغذ241 سلغذ211
سلغذ-299,جميع مقررات الخطة
سمكر-001,-
سمكر-002,-
سمكر-003,-
سمكر-011,-
سمكر-012,سمكر001
سمكر-013,-
سمكر-014,-
سمكر-021,-
سمكر-022,سمكر021
سمكر-031,سمكر001
سمكر-032,سمكر002
سمكر-033,سمكر001
سمكر-034,سمكر001
سمكر-035,سمكر001
سمكر-041,سمكر011
سمكر-042,-
سمكر-043,-
سمكر-051,سمكر041
سمكر-052,سمكر041
سمكر-091,-
سمكر-092,-
سمكر-093,-
سمكر-094,-
سمكر-095,-
سمكر-096,-
سمكر-097,-
سمكر-098,-
سيار-011,ميكا031
سيار-012,ميكا032
سيار-013,ميكا031
سيار-014,-
سيار-015,حاكر012
سيار-016,ميكا032
سيار-017,حاكر012
سيار-018,سيار011
سيار-019,ميكا036
سيار-021,-
سيار-091,-
سيار-093,-
سيار-094,-
سيار-095,-
سيار-096,-
سيار-097,-
سيار-098,-
سيبر-312,نشبك312 سيبر321
سيبر-321,-
سيبر-322,رياض304 سيبر321
سيبر-351,-
سيبر-352,سيبر351
سيبر-423,سيبر453
سيبر-424,سيبر423 سيبر444
سيبر-431,سيبر444 سيبر453
سيبر-432,سيبر431
سيبر-441,شبكا313 سيبر322
سيبر-442,سيبر441
سيبر-443,سيبر441
سيبر-444,سيبر312 نشبك444
سيبر-453,سيبر352
سيبر-461,سيبر423
سيبر-471,سيبر322 نشبك444
سيبر-472,سيبر322 سيبر352
سيبر-481,سيبر441
سيبر-482,سيبر444 سيبر453
سيبر-491, سيبر423 سيبر431 سيبر442 
شبكا-111,-
شبكا-121,شبكا111
شبكا-222,شبكا121
شبكا-231,شبكا121 داعم226
شبكا-232,شبكا231
شبكا-241,شبكا222
شبكا-285,شبكا121
شبكا-288,جميع مقررات الخطة
شبكا-295,شبكا222
شبكا-299,جميع مقررات الخطة
شبكا-313,-
شبكا-323,شبكا313
شبكا-351,-
شبكا-352,شبكا313
شبكا-371,-
شبكا-372,شبكا313
شبكا-424,شبكا323
شبكا-433,نشبك312
شبكا-434,شبكا433
شبكا-442,شبكا313
شبكا-443,نشبك312
شبكا-444,شبكا424
شبكا-473,-
شبكا-492,شبكا424
صحية-011,مدرع003
صحية-012,-
صحية-013,صحية012
صحية-021,-
صحية-022,-
صحية-023,-
صحية-024,-
صحية-031,مرسم003
صحية-032,-
صحية-041,صحية021
صحية-042,-
صحية-043,-
صحية-051,-
صحية-052,-
صحية-059,-
صحية-091,-
صحية-098,-
صفيح-011,مهني003
صفيح-021,-
صفيح-031,-
صفيح-032,صفيح031
صفيح-041,-
صفيح-051,ميكا071
صفيح-052,صفيح051
صفيح-091,-
صفيح-093,-
صفيح-094,-
صفيح-095,-
صفيح-098,-
ضيوف-121,-
ضيوف-151,-
ضيوف-211,-
ضيوف-231,ضيوف151
ضيوف-252,ضيوف151
ضيوف-253,ضيوف252
ضيوف-261,ضيوف121
ضيوف-288,جميع مقررات الخطة
ضيوف-299,جميع مقررات الخطة
طاهي-101,-
طاهي-102,-
طاهي-111,-
طاهي-141,-
طاهي-142,-
طاهي-151,-
طاهي-212,طاهي111
طاهي-213,طاهي111
طاهي-214,طاهي221
طاهي-215,طاهي221
طاهي-221,طاهي111
طاهي-222,طاهي111
طاهي-252,طاهي101
طاهي-253,طاهي111
طاهي-288,جميع مقررات الخطة
طاهي-299,جميع مقررات الخطة
عامة-401,-
عامة-402,-
عامة-403,-
عامة-404,-
عامة-405,-
عربي-001,-
عربي-002,-
عربي-101,-
عربي-172,-
عربي-173,عربي172
عربي-174,عربي173
عربي-301,-
عمار-011,-
عمار-012,مدرع002
عمار-013,-
عمار-021,مرسم003
عمار-022,-
عمار-023,عمار021
عمار-024,مدرع004
عمار-032,عمار012
عمار-033,-
عمار-034,عمار024
عمار-042,عمار022
عمار-065,-
عمار-066,-
عمار-067,-
عمار-091,-
عمار-098,-
غذاء-111,-
غذاء-112,غذاء131
غذاء-121,-
غذاء-123,غذاء111
غذاء-131,-
غذاء-161,-
غذاء-201,-
غذاء-222,غذاء131
غذاء-241,غذاء112
غذاء-242,غذاء112
غذاء-243,غذاء241
غذاء-244,غذاء241
غذاء-251,-
غذاء-262,غذاء161
غذاء-263,غذاء161
غذاء-271,غذاء121
غذاء-281,غذاء123
غذاء-288,جميع مقررات الخطة
غذاء-299,جميع مقررات الخطة
فعال-101,-
فعال-102,-
فعال-121,-
فعال-211,فعال101
فعال-212,فعال101
فعال-222,-
فعال-223,فعال101
فعال-231,سافر101
فعال-232,فعال231
فعال-233,فعال101
فعال-288,جميع مقررات الخطة
فعال-299,جميع مقررات الخطة
فندق-101,-
فندق-111,-
فندق-121,-
فندق-222,فندق121
فندق-231,-
فندق-241,حاسب101
فندق-242,فندق241
فندق-251,-
فندق-252,-
فندق-271,-
فندق-288,جميع مقررات الخطة
فندق-299,جميع مقررات الخطة
فندق-321,-
فندق-322,فندق321
فندق-325,فندق321
فندق-331,-
فندق-361,-
فندق-432,فندق331
فندق-441,-
فندق-445,-
فندق-451,-
فندق-465,فندق321
فندق-467,فندق321
فندق-471,-
فندق-475,-
فندق-477,-
فندق-481,-
فندق-491,ادار392
فيزي-001,-
فيزي-101,-
فيزي-121,فيزي101
فيزي-301,-
فيزي-361,فيزي301
قنون-301,-
قنون-303,قنون301
كساء-101,-
كساء-104,-
كساء-105,كساء113
كساء-111,-
كساء-113,-
كساء-131,-
كساء-151, كساء104 كساء113 
كساء-215,كساء104
كساء-222,-
كساء-226, حاسب102 كساء215 
كساء-235,كساء113
كساء-241, كساء111 كساء113 
كساء-243, كساء111 كساء113 
كساء-245,كساء241
كساء-247, كساء111 كساء113 
كساء-251,كساء151
كساء-255, كساء251 كساء235 
كساء-271, كساء111 كساء105 
كساء-274,-
كساء-281,-
كساء-288,جميع مقررات الخطة
كساء-299,جميع مقررات الخطة
كهرآ-234,كهرب232
كهرآ-242,كهرب224
كهرآ-245,كهرب232
كهرآ-254,كهرب111
كهرآ-266,كهرب232
كهرآ-271,كهرب122
كهرآ-272,كهرب122
كهرآ-288,جميع مقررات الخطة
كهرآ-299,جميع مقررات الخطة
كهرب-011,-
كهرب-012,-
كهرب-013,-
كهرب-014,حاكر012
كهرب-101,-
كهرب-102,-
كهرب-111,-
كهرب-121,-
كهرب-122,كهرب121 اجدق111
كهرب-123,كهرب121
كهرب-131,كهرب121
كهرب-141,-
كهرب-224,كهرب122
كهرب-232, كهرب122 كهرب131 
كهرب-242,كهرب122
كهرب-244, كهرب141 كهرب232 
كهرب-311,كهرب322
كهرب-321,-
كهرب-322,-
كهرب-323,كهرب321
كهرب-330,-
كهرب-332,-
كهرب-334,-
كهرب-335,-
كهرب-336,كهرب466
كهرب-361,-
كهرب-412,كهرب322
كهرب-421,كهرب322
كهرب-422,-
كهرب-423,-
كهرب-437,كهرب332
كهرب-442,كهرب321
كهرب-443,كهرب466
كهرب-444, كهرب330 كهرب332 كهرب421 
كهرب-445,كهرب332
كهرب-462,كهرب466
كهرب-463,كهرب466
كهرب-466,-
كهرب-471,-
كهرب-491,-
كهرش-031, حاكر012 حاكر013 
كهرش-032,-
كهرش-042,كهرب014
كهرش-043,كهرب014
كهرش-051,-
كهرش-052,-
كهرش-053,كهرش051
كهرش-054,كهرش052
كهرش-061,-
كهرش-071,كهرش043
كهرش-072,كهرش043
كهرش-081,-
كهرش-083,-
كهرش-084,-
كهرش-085,-
كهرش-087,-
كهرش-088,-
كهرش-091,-
كهرش-098,-
كهرص-011,كهرب014
كهرص-021,كهرب014
كهرص-022,كهرص021
كهرص-031,كهرب014
كهرص-032,كهرص031
كهرص-041,كهرب014
كهرص-042,كهرب014
كهرص-051, حاكر013 كهرب014 
كهرص-071,كهرص041
كهرص-072,كهرص042
كهرص-081,-
كهرص-082, كهرب014 كهرص021 
كهرص-084,-
كهرص-086,-
كهرص-087,-
كهرص-088,-
كهرص-091,-
كهرص-098,-
كهرط-124,-
كهرط-125,مبرد112
كهرط-230,فيزي121
كهرط-245,-
كهرط-246,-
كهرط-247,فيزي121
كهرط-288,جميع مقررات الخطة
كهرط-299,جميع مقررات الخطة
كهرق-151,كهرب111
كهرق-233,كهرب232
كهرق-252,كهرب111
كهرق-253,كهرق151
كهرق-261,كهرب122
كهرق-262,كهرب122
كهرق-263,كهرق261
كهرق-264,كهرب232
كهرق-265,كهرب232
كهرق-288,جميع مقررات الخطة
كهرق-299,جميع مقررات الخطة
كيمي-101,-
كيمي-111,-
كيمي-112,كيمي111
لحام-011,ميكا041
لحام-012, ميكا041 ميكا043 
لحام-013,لحام011
لحام-014,ميكا042
لحام-022,ميكا011
لحام-023,-
لحام-055,-
لحام-065,-
لحام-075,-
لحام-085,-
لحام-091,-
لحام-095,-
لحام-098,-
لوجس-101,-
لوجس-102,لوجس101
لوجس-103,لوجس101
لوجس-131,-
لوجس-132,-
لوجس-211,-
لوجس-212,-
لوجس-221,لوجس103
لوجس-222,لوجس103
لوجس-223,محسب101
لوجس-233,-
لوجس-234,-
لوجس-235,-
لوجس-241,ادار101
لوجس-242,حاسب101
لوجس-243,-
لوجس-288,جميع مقررات الخطة
لوجس-299,جميع مقررات الخطة
ماهر-001,-
ماهر-002,-
ماهر-003,-
ماهر-004,-
مبرد-011,-
مبرد-012,مهني003
مبرد-021,مبرد011
مبرد-022,مبرد011
مبرد-023,مبرد022
مبرد-031,مبرد011
مبرد-032,مبرد011
مبرد-033,مبرد011
مبرد-034,-
مبرد-035,مبرد031
مبرد-036,مبرد032
مبرد-037,مبرد033
مبرد-038,مبرد031
مبرد-055,-
مبرد-065,-
مبرد-066,-
مبرد-075,-
مبرد-076,-
مبرد-077,-
مبرد-085,-
مبرد-086,-
مبرد-087,-
مبرد-091,-
مبرد-098,-
مبرد-101,-
مبرد-102,-
مبرد-111,-
مبرد-112,-
مبرد-113,-
مبرد-121,مبرد112
مبرد-122,مبرد112
مبرد-131,مبرد113
مبرد-141,-
مبرد-203,مبرد121
مبرد-204,مبرد233
مبرد-232,مبرد121
مبرد-233,مبرد122
مبرد-234,مبرد131
مبرد-242,مبرد141
مبرد-243, حاسب101 مبرد122 
مبرد-261,مبرد233
مبرد-271, مبرد233 مبرد232 
مبرد-288,جميع مقررات الخطة
مبرد-299,جميع مقررات الخطة
مبرد-311,-
مبرد-312,-
مبرد-313,-
مبرد-331,-
مبرد-335,مبرد311
مبرد-342,-
مبرد-433,رياض302
مبرد-434,مبرد313
مبرد-436,مبرد311 مبرد312 مبرد313
مبرد-437,-
مبرد-441,مبرد312 مبرد434 مبرد433
مبرد-443,مبرد342
مبرد-461,-
مبرد-462,مبرد311 مبرد312 مبرد313
مبرد-463,مبرد311 مبرد312 مبرد313
مبرد-471,مبرد335 مبرد434
مبرد-482,مبرد471
مبرد-483,مبرد311
مبرد-484,مبرد311
مبرد-491,-
مبرد-492, مبرد311 مبرد312 مبرد313 
متحك-011,ميكا021 ميكا022
متحك-012, ميكا023 ميكا024 
متحك-013,متحك011
متحك-014,متحك011
متحك-015,متحك012
متحك-016,متحك012
متحك-031,-
متحك-032,متحك031
متحك-091,-
متحك-093,-
متحك-094,-
متحك-095,-
متحك-096,-
متحك-098,-
متمر-101,-
متمر-111,-
متمر-115,-
متمر-116,متمر115
متمر-121,-
متمر-131,-
متمر-222,متمر121
متمر-223,متمر121
متمر-242,مكمر141
متمر-251,-
متمر-252,-
متمر-261,متمر121
متمر-262,مكمر141
متمر-263, متمر262 متمر121 
متمر-264,متمر121
متمر-271,متمر115
متمر-281, متمر121 متمر262 
متمر-288,جميع مقررات الخطة
متمر-295,-
متمر-299,جميع مقررات الخطة
متمر-313,-
متمر-314,-
متمر-322,متمر341
متمر-332,متمر352
متمر-341,-
متمر-342,-
متمر-352,-
متمر-412,متمر342
متمر-413,-
متمر-431,-
متمر-434,متمر342
متمر-441,-
متمر-442,-
متمر-443,متمر314
متمر-461,-
متمر-462,-
متمر-472,-
متمر-473,-
متمر-482,-
متمر-483,-
متمر-491,-
محسب-101,-
محسب-111,محسب101
محسب-131,محسب101
محسب-212,محسب111
محسب-241,محسب101
محسب-251,محسب111
محسب-261,محسب111
محسب-266,محسب212
محسب-271, حاسب102 محسب111 
محسب-273, حاسب102 محسب111 
محسب-275, محسب111 انجل112 
محسب-285,محسب212
محسب-288,جميع مقررات الخطة
محسب-299,جميع مقررات الخطة
محسب-301,-
محسب-313,محسب381
محسب-381,-
محسب-422,محسب381
محسب-424,محسب381
محسب-453,محسب313
محسب-463,محسب313
محسب-464,محسب313
محسب-465,محسب313
محسب-483,محسب313
محسب-492,محسب313
مدرع-001,-
مدرع-002,مهني002
مدرع-003,-
مدرع-004,-
مدني-001,مرسم003
مدني-002,مدرع002
مدني-003,مدرع004
مدني-004,-
مدني-005,مرسم002
مدني-006,-
مدني-007,-
مدني-008,مدني001
مدني-009,مدني002
مدني-010,-
مدني-011,مرسم002
مدني-012,مدني003
مدني-065,-
مدني-066,-
مدني-067,-
مدني-091,-
مدني-098,-
مرسم-001,-
مرسم-002,-
مرسم-003,-
مرسم-004,-
مرشد-101,سافر101
مرشد-102,-
مرشد-111,-
مرشد-112,-
مرشد-205,مرشد102
مرشد-222,-
مرشد-223,-
مرشد-231,مرشد101
مرشد-232,مرشد101
مرشد-233,مرشد231
مرشد-242,مرشد101
مرشد-288,جميع مقررات الخطة
مرشد-299,جميع مقررات الخطة
مركن-011,ميكا031
مركن-012,ميكا012
مركن-021,مركن012
مركن-022,ميكا012
مركن-023,مركن011
مركن-024,ميكا036
مركن-091,-
مركن-093,-
مركن-094,-
مركن-095,-
مركن-096,-
مركن-098,-
مساح-001,-
مساح-002,-
مساح-003,-
مساح-004,-
مساح-011,مساح003
مساح-012,مساح002
مساح-013,-
مساح-014,-
مساح-015,حاسب001
مساح-021,-
مساح-022,-
مساح-023,-
مساح-031,-
مساح-032,-
مساح-041,مساح003
مساح-043,-
مساح-044,مساح004
مساح-065,-
مساح-066,-
مساح-067,-
مساح-091,مساح002
مساح-098,-
مسدع-111,-
مسدع-121,ادار101
مسدع-131,-
مسدع-141,ادار101
مسدع-151,ادار101
مسدع-181,-
مسدع-232,-
مسدع-233,-
مسدع-234,-
مسدع-236,-
مسدع-241,-
مسدع-242,-
مسدع-252,حاسب101
مسدع-261,-
مسدع-271,-
مسدع-285,-
مسدع-288,جميع مقررات الخطة
مسدع-299,جميع مقررات الخطة
مشغل-011,-
مشغل-021,مشغل031
مشغل-031,ميكا021
مشغل-032, ميكا021 ميكا022 
مشغل-041,ميكا023
مشغل-042,مشغل041
مشغل-091,-
مشغل-093,-
مشغل-094,-
مشغل-095,-
مشغل-096,-
مشغل-098,-
مصعد-021,-
مصعد-031,-
مصعد-032,مصعد031
مصعد-033,مصعد031
مصعد-034,مصعد033
مصعد-041,مصعد031
مصعد-051,-
مصعد-052,-
مصعد-053,-
مصعد-061,مصعد041
مصعد-062,مصعد021
مصعد-063,مصعد021
مصعد-065,-
مصعد-091,-
مصعد-098,-
مصيم-141,فيزي101
مصيم-151, منتج101 منتج141 
مصيم-171, منتج101 منتج141 
مصيم-221,فيزي101
مصيم-252,مصيم151
مصيم-253, منتج101 منتج141 
مصيم-261, مصيم141 مصيم151 
مصيم-262,مصيم261
مصيم-264,مصيم261
مصيم-288,جميع مقررات الخطة
مصيم-299,جميع مقررات الخطة
مكمر-112,-
مكمر-141,-
مكمر-202,مكمر141
مكمر-243,مكمر141
مكمر-244,مكمر141
مكمر-245, متمر121 مكمر141 
مكمر-246,مكمر253
مكمر-253,متمر111
مكمر-266,-
مكمر-272,-
مكمر-282, مكمر245 مكمر246 
مكمر-285, مكمر245 مكمر246 
مكمر-288,جميع مقررات الخطة
مكمر-299,جميع مقررات الخطة
مكيم-101,-
مكيم-105,-
مكيم-111,كيمي101
مكيم-112,كيمي101
مكيم-213,كيمي101
مكيم-221,مكيم112
مكيم-222,مكيم221
مكيم-223, مكيم112 مكيم213 
مكيم-231,مكيم112
مكيم-251,-
مكيم-271,-
مكيم-288,جميع مقررات الخطة
مكيم-299,جميع مقررات الخطة
مكيم-311,-
مكيم-321,-
مكيم-322,مكيم321
مكيم-331,-
مكيم-341,-
مكيم-351,-
مكيم-412,مكيم311
مكيم-413,مكيم311
مكيم-414,-
مكيم-423,مكيم321
مكيم-432,-
مكيم-433,مكيم331
مكيم-434,-
مكيم-442,-
مكيم-491,-
ملتي-101,-
ملتي-121,-
ملتي-131,-
ملتي-141,-
ملتي-232,ملتي131
ملتي-242,ملتي141
ملتي-251,ملتي141
ملتي-261,ملتي141
ملتي-271,-
ملتي-285,-
ملتي-288,جميع مقررات الخطة
ملتي-295, ملتي232 ملتي251 
ملتي-299,جميع مقررات الخطة
منتج-101,-
منتج-111,-
منتج-121,فيزي101
منتج-131,-
منتج-141,-
منتج-145,-
منتج-232,منتج131
منتج-233,منتج131
منتج-234,منتج233
منتج-235, منتج251 منتج252 
منتج-246,منتج145
منتج-251,منتج101
منتج-252,منتج101
منتج-261,-
منتج-271,منتج101
منتج-272,منتج101
منتج-281,-
منتج-288,جميع مقررات الخطة
منتج-299,جميع مقررات الخطة
منتج-312,رياض301
منتج-321,فيزي301
منتج-323,-
منتج-341,-
منتج-344,-
منتج-345,-
منتج-374,-
منتج-431,احصا303
منتج-437,-
منتج-441,رياض301 منتج341
منتج-442,رياض301
منتج-451,رياض301 منتج341
منتج-453,احصا303
منتج-463,منتج312
منتج-471,-
منتج-472,رياض301
منتج-483,-
منتج-492,-
منتج-493,منتج492
مهني-001,-
مهني-002,-
مهني-003,-
مهني-004,-
ميكا-011,ميكا013
ميكا-012,-
ميكا-013,-
ميكا-014,-
ميكا-021,-
ميكا-022,-
ميكا-023,-
ميكا-024,-
ميكا-029,-
ميكا-031,-
ميكا-032,-
ميكا-033,-
ميكا-034,-
ميكا-035,-
ميكا-036,حاكر013
ميكا-037,-
ميكا-038,حاكر012
ميكا-039,ميكا038
ميكا-041,-
ميكا-042,-
ميكا-043,-
ميكا-044,-
ميكا-045,ميكا043
ميكا-046,ميكا072
ميكا-051,-
ميكا-061,-
ميكا-071,-
ميكا-072,-
ميكس-211,-
ميكس-212,-
ميكس-213,اجدق233
ميكس-214,اجدق233
ميكس-288,جميع مقررات الخطة
ميكس-291,ميكس211
ميكس-299,جميع مقررات الخطة
نجار-011,-
نجار-021,-
نجار-022,-
نجار-031,-
نجار-041,نجار011
نجار-042,نجار011
نجار-051,نجار021
نجار-052,نجار021
نجار-053,نجار021
نجار-054,نجار021
نجار-055,نجار054
نجار-061,نجار021
نجار-065,-
نجار-066,-
نجار-071,نجار021
نجار-072,نجار021
نجار-075,-
نجار-076,-
نجار-077,-
نجار-081,نجار021
نجار-082,نجار021
نجار-085,-
نجار-086,-
نجار-087,-
نجار-091,-
نجار-095,-
نجار-098,-
نحسب-085,-
نحسب-086,-
نخيط-085,-
نخيط-086,-
نخيل-085,-
ندير-085,-
ندير-086,-
نزين-085,-
نزين-086,-
نسرح-085,-
نسوق-085,-
نسوق-086,-
نشاط-001,-
نشاط-002,-
نشاط-003,-
نشبك-121,حاسب121
نشبك-231,داعم151
نشبك-241,نشبك231
نشبك-261,نشبك231
نشبك-285,نشبك121
نشبك-288,جميع مقررات الخطة
نشبك-295,نشبك231
نشبك-299,جميع مقررات الخطة
نشبك-312,-
نشبك-343,-
نشبك-351,-
نشبك-371,نشبك312
نشبك-443,نشبك452
نشبك-444,نشبك312
نشبك-452,نشبك351
نشبك-453,نشبك371
نشبك-454,نشبك453
نشبك-481,-
نشبك-482,-
نشبك-483,نشبك371
نشبك-484, نشبك312 نشبك351 
نشبك-485,-
نشبك-492, نشبك452 نشبك483 
نظار-101,-
نظار-102,نظار101
نظار-103,-
نظار-104,نظار152
نظار-113,نظار102
نظار-150,-
نظار-152,فيزي101
نظار-211,نظار113
نظار-214,نظار242
نظار-223,نظار104
نظار-241,نظار242
نظار-242,نظار113
نظار-243,نظار242
نظار-251,نظار104
نظار-261,-
نظار-288,جميع مقررات الخطة
نظار-299,جميع مقررات الخطة
نكسو-085,-
نكسو-086,-
نكيم-101,-
نكيم-102,-
نكيم-161,نكيم102
نكيم-162,نكيم102
نكيم-221,كيمي101
نكيم-231,نكيم102
نكيم-232, نكيم161 نكيم162 
نكيم-240,نكيم161
نكيم-241,كيمي101
نكيم-242,نكيم162
نكيم-244,كيمي101
نكيم-251,نكيم232
نكيم-281,نكيم162
نكيم-288,جميع مقررات الخطة
نكيم-299,جميع مقررات الخطة
نكيم-321,-
نكيم-322,-
نكيم-331,-
نكيم-332,-
نكيم-333,نكيم331
نكيم-341,-
نكيم-365,نكيم331
نكيم-411,نكيم331
نكيم-413,نكيم331
نكيم-414,-
نكيم-424,-
نكيم-434,نكيم331
نكيم-444,-
نكيم-446,نكيم331
نكيم-461,-
نكيم-465,-
نكيم-491,نكيم434
يشيد-311,-
يشيد-312,-
يشيد-321,-
يشيد-334,رياض301
يشيد-341,رياض301
يشيد-372,يشيد311
يشيد-373,-
يشيد-374,يشيد373
يشيد-381,يشيد321
يشيد-403,-
يشيد-404,-
يشيد-405,-
يشيد-431,-
يشيد-433,-
يشيد-435,-
يشيد-463,يشيد381
يشيد-464,يشيد311
يشيد-465,يشيد381
يشيد-473,يشيد311
يشيد-475,-
يشيد-476,يشيد334
يشيد-486,-
يشيد-491,-
يعمر-123,-
يعمر-124,-
يعمر-125,يعمر123
يعمر-126,يعمر124
يعمر-131,-
يعمر-214,رياض121
يعمر-227, يعمر124 
يعمر-228,يعمر124
يعمر-229,يعمر124
يعمر-234,-
يعمر-262,يعمر124
يعمر-272,-
يعمر-281,يعمر282
يعمر-282,يعمر126
يعمر-288,جميع مقررات الخطة
يعمر-299,جميع مقررات الخطة
يمدن-101,-
يمدن-102,-
يمدن-111,-
يمدن-112,رياض121
يمدن-121,-
يمدن-122,حاسب101
يمدن-141,رياض121
يمدن-213,-
يمدن-232,يمدن111
يمدن-233,يمدن112
يمدن-251,-
يمدن-252,-
يمدن-261,يمدن213
يمدن-271,يمدن112
يمدن-281,-
يمدن-288,جميع مقررات الخطة
يمدن-299,جميع مقررات الخطة
يمدن-461,-
يمسح-101,-
يمسح-111,-
يمسح-112,يمسح111
يمسح-121,-
يمسح-122,يمسح121
يمسح-131,-
يمسح-132,يمسح131
يمسح-141,-
يمسح-213,يمسح111
يمسح-214,يمسح213
يمسح-223,يمسح121
يمسح-242, حاسب101 يمسح111 
يمسح-251,يمسح111
يمسح-252,يمسح112
يمسح-253,يمسح111
يمسح-261,يمسح112
يمسح-271,-
يمسح-272,-
يمسح-281,يمسح213
يمسح-288,جميع مقررات الخطة
يمسح-299,جميع مقررات الخطة
يمسح-311,-
يمسح-321,-
يمسح-341,احصا303
يمسح-352,-
يمسح-361,يمسح352
يمسح-421,-
يمسح-422,-
يمسح-432,-
يمسح-433,-
يمسح-434,-
يمسح-443,-
يمسح-451,يمسح352
يمسح-453,-
يمسح-454,-
يمسح-455,-
يمسح-462,-
يمسح-472,احصا303
يمسح-481,-
يمسح-482,-
يمسح-490,-
يمسح-492,يمسح490
يؤمن-101,-
يؤمن-111,-
يؤمن-121,يؤمن101
يؤمن-131,يؤمن101
يؤمن-212,يؤمن111 يؤمن121
يؤمن-222,يؤمن101
يؤمن-223,يؤمن101 يؤمن111
يؤمن-232,يؤمن101
يؤمن-241,يؤمن101
يؤمن-242,يؤمن131
يؤمن-243,يؤمن121 يؤمن131
يؤمن-281,يؤمن121 يؤمن131
يؤمن-288,جميع مقررات الخطة
يؤمن-299,جميع مقررات الخطة
